Year,Country,Queued,Dequeued,Granted,Refused,Canceled,Pending,AvgProcessingTime,ApprovalRate,Alpha3
2022,AFGHANISTAN,3127,4366,3262,975,30,99,386,75%,AFG
2022,ALBANIEN,308,318,268,47,1,2,382,84%,ALB
2022,ALGERIET,47,74,65,9,0,0,465,88%,DZA
2022,ANGOLA,9,6,4,2,0,0,558,67%,AGO
2022,ARGENTINA,29,33,27,5,1,0,401,82%,ARG
2022,ARMENIEN,105,151,120,27,4,0,655,79%,ARM
2022,AUSTRALIEN,118,124,105,17,0,2,282,85%,AUS
2022,AZERBAJDZJAN,101,172,147,22,1,2,676,85%,AZE
2022,BAHAMAS,1,0,0,0,0,0,0,0%,BHS
2022,BAHRAIN,1,1,1,0,0,0,369,100%,BHR
2022,BANGLADESH,236,293,263,27,3,0,536,90%,BGD
2022,BARBADOS,1,1,1,0,0,0,1263,100%,BRB
2022,BELARUS,85,91,79,9,3,0,460,87%,BLR
2022,BELGIEN,67,44,40,3,1,0,280,91%,BEL
2022,BELIZE,2,1,1,0,0,0,41,100%,BLZ
2022,BENIN,4,3,2,1,0,0,535,67%,BEN
2022,BHUTAN,1,2,2,0,0,0,698,100%,BTN
2022,BOLIVIA,56,76,67,5,1,3,747,88%,BOL
2022,BOSNIEN OCH HERCEGOVINA,296,331,298,28,1,4,420,90%,BIH
2022,BOTSWANA,0,1,1,0,0,0,1275,100%,BWA
2022,BRASILIEN,257,231,212,17,1,1,244,92%,BRA
2022,BULGARIEN,270,229,216,10,2,1,563,94%,BGR
2022,BURKINA FASO,2,3,3,0,0,0,916,100%,BFA
2022,BURUNDI,56,52,46,5,0,1,754,88%,BDI
2022,CENTRALAFRIKANSKA REPUBLIKEN,10,9,9,0,0,0,78,100%,CAF
2022,CHILE,175,146,126,17,1,2,446,86%,CHL
2022,COLOMBIA,96,129,114,12,1,2,599,88%,COL
2022,COSTA RICA,5,7,7,0,0,0,420,100%,CRI
2022,CYPERN,16,16,14,2,0,0,271,88%,CYP
2022,DANMARK,92,93,70,10,6,7,328,75%,DNK
2022,DEM REPUBLIKEN KONGO,281,260,213,39,0,8,562,82%,COD
2022,DJIBOUTI,30,56,44,9,0,3,572,79%,DJI
2022,DOMINIKANSKA REPUBLIKEN,24,21,18,3,0,0,325,86%,DOM
2022,ECUADOR,20,34,29,5,0,0,784,85%,ECU
2022,EGYPTEN,245,301,250,48,2,1,443,83%,EGY
2022,EKVATORIALGUINEA,1,1,1,0,0,0,999,100%,GNQ
2022,EL SALVADOR,22,36,33,3,0,0,710,92%,SLV
2022,ELFENBENSKUSTEN,28,27,19,8,0,0,825,70%,CIV
2022,ERITREA,4727,4501,3589,774,24,114,476,80%,ERI
2022,ESTLAND,117,108,99,6,2,1,411,92%,EST
2022,ESWATINI,1,1,1,0,0,0,1464,100%,SWZ
2022,ETIOPIEN,693,970,752,148,5,65,443,78%,ETH
2022,FIJI,0,2,2,0,0,0,293,100%,FJI
2022,FILIPPINERNA,355,340,313,21,3,3,298,92%,PHL
2022,FINLAND,110,95,82,7,4,2,124,86%,FIN
2022,FRANKRIKE,244,185,175,7,1,2,261,95%,FRA
2022,GABON,4,1,1,0,0,0,1247,100%,GAB
2022,GAMBIA,108,152,115,22,1,14,686,76%,GMB
2022,GEORGIEN,39,36,33,3,0,0,557,92%,GEO
2022,GHANA,68,133,106,25,2,0,751,80%,GHA
2022,GREKLAND,375,289,262,21,4,2,491,91%,GRC
2022,GRENADA,1,0,0,0,0,0,0,0%,GRD
2022,GUATEMALA,10,11,10,0,1,0,669,91%,GTM
2022,GUINEA,14,29,22,5,0,2,520,76%,GIN
2022,GUINEA BISSAU,0,1,0,1,0,0,1374,0%,GNB
2022,GUYANA,1,0,0,0,0,0,0,0%,GUY
2022,HAITI,1,1,1,0,0,0,1131,100%,HTI
2022,HONDURAS,11,7,7,0,0,0,450,100%,HND
2022,INDIEN,1125,1154,1058,81,9,6,282,92%,IND
2022,INDONESIEN,24,23,22,1,0,0,339,96%,IDN
2022,IRAK,1385,2123,1684,389,24,26,580,79%,IRQ
2022,IRAN,708,1161,992,148,14,7,716,85%,IRN
2022,IRLAND,80,69,68,1,0,0,322,99%,IRL
2022,ISLAND,12,11,8,1,1,1,174,73%,ISL
2022,ISRAEL,25,29,20,6,0,3,406,69%,ISR
2022,ITALIEN,358,271,248,20,3,0,323,92%,ITA
2022,JAMAICA,8,3,3,0,0,0,915,100%,JAM
2022,JAPAN,9,6,5,1,0,0,35,83%,JPN
2022,JEMEN,136,216,172,41,0,3,368,80%,YEM
2022,JORDANIEN,139,221,189,30,1,1,586,86%,JOR
2022,KAMBODJA,15,16,15,1,0,0,330,94%,KHM
2022,KAMERUN,53,59,45,14,0,0,713,76%,CMR
2022,KANADA,91,98,90,4,0,4,266,92%,CAN
2022,KAP VERDE,4,6,6,0,0,0,890,100%,CPV
2022,KAZAKSTAN,40,66,56,7,3,0,774,85%,KAZ
2022,KENYA,98,150,134,14,1,1,604,89%,KEN
2022,KINA,269,270,226,28,14,2,466,84%,CHN
2022,KIRGIZISTAN,32,61,55,5,0,1,858,90%,KGZ
2022,KONGO,11,15,9,4,2,0,879,60%,COG
2022,KOSOVO,347,457,394,58,4,1,495,86%,XXX
2022,KROATIEN,435,354,334,16,3,1,454,94%,HRV
2022,KUBA,52,57,51,6,0,0,568,89%,CUB
2022,KUWAIT,0,6,3,1,0,2,546,50%,KWT
2022,LAOS,5,8,8,0,0,0,515,100%,LAO
2022,LETTLAND,197,126,116,9,1,0,507,92%,LVA
2022,LIBANON,191,301,258,37,1,5,561,86%,LBN
2022,LIBERIA,15,19,10,9,0,0,1056,53%,LBR
2022,LIBYEN,33,66,49,17,0,0,760,74%,LBY
2022,LITAUEN,230,146,128,15,0,3,382,88%,LTU
2022,LUXEMBURG,1,3,2,1,0,0,141,67%,LUX
2022,MADAGASKAR,3,3,3,0,0,0,48,100%,MDG
2022,MALAWI,6,6,4,2,0,0,51,67%,MWI
2022,MALAYSIA,23,16,16,0,0,0,191,100%,MYS
2022,MALDIVERNA,1,1,1,0,0,0,47,100%,MDV
2022,MALI,21,16,14,2,0,0,237,88%,MLI
2022,MALTA,5,3,2,1,0,0,451,67%,MLT
2022,MAROCKO,226,320,268,51,1,0,482,84%,MAR
2022,MAURETANIEN,0,3,3,0,0,0,603,100%,MRT
2022,MAURITIUS,7,6,6,0,0,0,160,100%,MUS
2022,MEXIKO,73,87,82,2,1,2,347,94%,MEX
2022,MOCAMBIQUE,2,2,2,0,0,0,1258,100%,MOZ
2022,MOLDAVIEN,15,17,15,2,0,0,496,88%,MDA
2022,MONGOLIET,156,253,217,34,1,1,778,86%,MNG
2022,MONTENEGRO,25,48,42,5,1,0,686,88%,MNE
2022,MYANMAR,17,60,56,2,2,0,1093,93%,MMR
2022,NAMIBIA,6,2,2,0,0,0,684,100%,NAM
2022,NEDERLÄNDERNA,186,161,131,17,11,2,255,81%,NLD
2022,NEPAL,29,44,39,5,0,0,698,89%,NPL
2022,NICARAGUA,12,17,15,2,0,0,736,88%,NIC
2022,NIGER,1,1,1,0,0,0,11,100%,NER
2022,NIGERIA,243,426,354,67,1,4,710,83%,NGA
2022,NORDKOREA,1,0,0,0,0,0,0,0%,PRK
2022,NORDMAKEDONIEN,126,179,167,11,1,0,480,93%,MKD
2022,NORGE,67,61,43,8,6,4,260,70%,NOR
2022,NYA ZEELAND,29,20,16,4,0,0,111,80%,NZL
2022,OKÄNT,580,687,473,173,0,41,244,69%,XXX
2022,Okänd,886,709,333,6,7,363,158,47%,XXX
2022,PAKISTAN,487,615,542,69,1,3,488,88%,PAK
2022,PALESTINA,153,289,223,61,1,4,460,77%,PSE
2022,PANAMA,5,8,7,0,0,1,607,88%,PAN
2022,PARAGUAY,3,5,5,0,0,0,404,100%,PRY
2022,PERU,71,73,60,7,2,4,444,82%,PER
2022,POLEN,1423,961,862,77,13,9,479,90%,POL
2022,PORTUGAL,75,49,47,2,0,0,218,96%,PRT
2022,RUMÄNIEN,634,526,485,32,5,4,533,92%,ROU
2022,RWANDA,16,28,23,5,0,0,834,82%,RWA
2022,RYSSLAND,524,623,557,55,7,4,464,89%,RUS
2022,SAINT KITTS OCH NEVIS,0,1,1,0,0,0,234,100%,KNA
2022,SAINT LUCIA,0,1,1,0,0,0,53,100%,LCA
2022,SAUDIARABIEN,3,3,3,0,0,0,745,100%,SAU
2022,SCHWEIZ,68,70,50,18,1,1,238,71%,CHE
2022,SENEGAL,27,36,29,6,1,0,677,81%,SEN
2022,SERBIEN,465,518,466,44,5,3,463,90%,SRB
2022,SERBIEN OCH MONTENEGRO,9,8,6,2,0,0,730,75%,SRB
2022,SEYCHELLERNA,1,1,1,0,0,0,109,100%,SYC
2022,SIERRA LEONE,26,37,30,7,0,0,658,81%,SLE
2022,SINGAPORE,11,11,10,1,0,0,314,91%,SGP
2022,SLOVAKIEN,82,51,47,3,1,0,479,92%,SVK
2022,SLOVENIEN,32,29,25,2,2,0,538,86%,SVN
2022,SOMALIA,2631,4257,3573,519,33,132,416,84%,SOM
2022,SPANIEN,323,205,188,14,2,1,335,92%,ESP
2022,SRI LANKA,44,71,63,6,2,0,580,89%,LKA
2022,STATSLÖS,1027,1664,1233,272,14,145,455,74%,XXX
2022,STORBRITANNIEN,689,523,453,63,4,3,213,87%,GBR
2022,SUDAN,174,164,121,36,1,6,517,74%,SDN
2022,SYDAFRIKA,66,58,51,4,2,1,142,88%,ZAF
2022,SYDKOREA,15,20,16,3,1,0,385,80%,KOR
2022,SYDSUDAN,6,7,4,3,0,0,369,57%,SSD
2022,SYRIEN,9754,12990,10989,1799,91,111,384,85%,SYR
2022,TADZJIKISTAN,5,15,13,2,0,0,641,87%,TJK
2022,TAIWAN,21,15,15,0,0,0,365,100%,TWN
2022,TANZANIA,27,47,39,8,0,0,777,83%,TZA
2022,TCHAD,9,7,4,3,0,0,297,57%,TCD
2022,THAILAND,739,840,752,77,2,9,386,90%,THA
2022,TJECKIEN,72,38,35,2,1,0,294,92%,CZE
2022,TJECKISKA OCH SLOVAKISKA FED,2,3,2,0,1,0,466,67%,SCG
2022,TOGO,6,5,3,1,1,0,778,60%,TGO
2022,TRINIDAD OCH TOBAGO,1,2,1,1,0,0,651,50%,TTO
2022,TUNISIEN,107,140,115,25,0,0,527,82%,TUN
2022,TURKIET,758,1004,879,113,6,6,548,88%,TUR
2022,TURKMENISTAN,2,3,2,1,0,0,992,67%,TKM
2022,TYSKLAND,875,639,596,29,10,4,252,93%,DEU
2022,UGANDA,127,187,153,32,0,2,725,82%,UGA
2022,UKRAINA,307,322,298,23,1,0,442,93%,UKR
2022,UNDER UTREDNING,32,23,17,3,1,2,306,74%,XXX
2022,UNGERN,310,236,215,14,2,5,458,91%,HUN
2022,URUGUAY,5,5,5,0,0,0,508,100%,URY
2022,USA,435,429,372,51,1,5,246,87%,USA
2022,UZBEKISTAN,119,138,108,24,1,5,686,78%,UZB
2022,VANUATU,2,0,0,0,0,0,0,0%,VUT
2022,VENEZUELA,26,36,31,3,1,1,421,86%,VEN
2022,VIETNAM,280,349,318,27,1,3,498,91%,VNM
2022,ZAMBIA,12,14,11,3,0,0,694,79%,ZMB
2022,ZIMBABWE,10,11,10,0,0,1,264,91%,ZWE
2022,ÖSTERRIKE,33,36,32,3,1,0,186,89%,AUT
2021,AFGHANISTAN,5793,6132,4314,1638,22,158,326,70%,AFG
2021,ALBANIEN,459,400,320,71,2,7,235,80%,ALB
2021,ALGERIET,132,130,103,27,0,0,373,79%,DZA
2021,ANDORRA,1,1,1,0,0,0,91,100%,AND
2021,ANGOLA,7,5,3,1,0,1,1007,60%,AGO
2021,ARGENTINA,64,61,55,5,0,1,160,90%,ARG
2021,ARMENIEN,167,142,117,25,0,0,572,82%,ARM
2021,AUSTRALIEN,217,204,186,12,1,5,161,91%,AUS
2021,AZERBAJDZJAN,157,161,141,17,0,3,585,88%,AZE
2021,BAHRAIN,4,0,0,0,0,0,0,.,BHR
2021,BANGLADESH,393,379,353,24,0,2,365,93%,BGD
2021,BARBADOS,2,1,1,0,0,0,1346,100%,BRB
2021,BELARUS,166,142,124,16,1,1,320,87%,BLR
2021,BELGIEN,88,69,62,6,0,1,223,90%,BEL
2021,BELIZE,1,1,1,0,0,0,19,100%,BLZ
2021,BENIN,5,5,2,3,0,0,184,40%,BEN
2021,BOLIVIA,113,106,89,16,0,1,530,84%,BOL
2021,BOSNIEN OCH HERCEGOVINA,592,457,416,34,1,6,197,91%,BIH
2021,BOTSWANA,3,4,4,0,0,0,170,100%,BWA
2021,BRASILIEN,420,363,342,17,0,4,148,94%,BRA
2021,BULGARIEN,491,400,349,41,4,6,560,87%,BGR
2021,BURKINA FASO,2,4,4,0,0,0,603,100%,BFA
2021,BURUNDI,79,63,46,16,0,1,634,73%,BDI
2021,CENTRALAFRIKANSKA REPUBLIKEN,19,11,5,6,0,0,264,45%,CAF
2021,CHILE,350,249,228,16,0,5,207,92%,CHL
2021,COLOMBIA,184,182,168,14,0,0,489,92%,COL
2021,COSTA RICA,14,10,10,0,0,0,269,100%,CRI
2021,CYPERN,34,29,21,7,0,1,394,72%,CYP
2021,DANMARK,236,189,148,14,11,16,234,78%,DNK
2021,DEM REPUBLIKEN KONGO,378,291,227,45,0,19,386,78%,COD
2021,DJIBOUTI,48,51,47,3,1,0,437,92%,DJI
2021,DOMINICA,1,1,0,1,0,0,187,0%,DMA
2021,DOMINIKANSKA REPUBLIKEN,45,32,29,3,0,0,350,91%,DOM
2021,ECUADOR,46,41,35,6,0,0,204,85%,ECU
2021,EGYPTEN,366,434,382,49,0,3,368,88%,EGY
2021,EKVATORIALGUINEA,3,1,1,0,0,0,34,100%,GNQ
2021,EL SALVADOR,67,48,38,9,0,1,432,79%,SLV
2021,ELFENBENSKUSTEN,40,34,26,6,0,2,495,76%,CIV
2021,ERITREA,5698,4257,3237,845,9,166,359,76%,ERI
2021,ESTLAND,223,178,156,18,1,3,389,88%,EST
2021,ESWATINI,1,1,1,0,0,0,486,100%,SWZ
2021,ETIOPIEN,1196,1088,855,151,4,78,318,79%,ETH
2021,FIJI,5,2,2,0,0,0,27,100%,FJI
2021,FILIPPINERNA,587,532,480,44,3,5,157,90%,PHL
2021,FINLAND,244,253,213,15,16,9,108,84%,FIN
2021,FRANKRIKE,484,352,317,25,5,5,288,90%,FRA
2021,FÖRENADE ARABEMIRATEN,1,0,0,0,0,0,0,.,ARE
2021,GABON,2,3,3,0,0,0,636,100%,GAB
2021,GAMBIA,202,176,133,37,0,6,458,76%,GMB
2021,GEORGIEN,82,44,33,11,0,0,290,75%,GEO
2021,GHANA,152,164,136,26,1,1,406,83%,GHA
2021,GREKLAND,841,638,582,50,1,5,435,91%,GRC
2021,GRENADA,2,3,3,0,0,0,428,100%,GRD
2021,GUATEMALA,15,10,9,1,0,0,288,90%,GTM
2021,GUINEA,51,39,27,12,0,0,469,69%,GIN
2021,GUINEA BISSAU,1,0,0,0,0,0,0,.,GNB
2021,GUYANA,1,1,1,0,0,0,13,100%,GUY
2021,HAITI,1,2,1,1,0,0,1224,50%,HTI
2021,HONDURAS,9,8,7,1,0,0,433,88%,HND
2021,INDIEN,1577,1394,1278,95,11,10,159,92%,IND
2021,INDONESIEN,38,37,34,3,0,0,185,92%,IDN
2021,IRAK,2736,2800,2089,648,17,46,542,75%,IRQ
2021,IRAN,1217,1387,1172,201,1,13,553,84%,IRN
2021,IRLAND,153,96,91,4,0,1,284,95%,IRL
2021,ISLAND,54,49,36,1,6,6,121,73%,ISL
2021,ISRAEL,39,40,32,4,0,4,238,80%,ISR
2021,ITALIEN,718,515,460,46,2,7,301,89%,ITA
2021,JAMAICA,7,9,8,1,0,0,425,89%,JAM
2021,JAPAN,18,20,18,0,2,0,38,90%,JPN
2021,JEMEN,212,242,178,59,0,5,452,74%,YEM
2021,JORDANIEN,213,222,189,29,3,1,611,85%,JOR
2021,KAMBODJA,24,33,28,4,0,1,413,85%,KHM
2021,KAMERUN,85,83,66,17,0,0,525,80%,CMR
2021,KANADA,218,212,187,18,1,6,158,88%,CAN
2021,KAP VERDE,6,7,7,0,0,0,341,100%,CPV
2021,KAZAKSTAN,83,61,51,10,0,0,671,84%,KAZ
2021,KENYA,173,146,134,11,0,1,344,92%,KEN
2021,KINA,380,382,330,42,8,2,236,86%,CHN
2021,KIRGIZISTAN,55,37,32,5,0,0,739,86%,KGZ
2021,KONGO,23,31,27,3,0,1,739,87%,COG
2021,KOSOVO,700,609,525,80,2,2,298,86%,XXX
2021,KROATIEN,751,364,338,25,1,0,325,93%,HRV
2021,KUBA,74,61,50,11,0,0,329,82%,CUB
2021,KUWAIT,7,7,7,0,0,0,512,100%,KWT
2021,LAOS,15,12,12,0,0,0,207,100%,LAO
2021,LETTLAND,360,264,231,32,1,0,432,88%,LVA
2021,LIBANON,386,401,341,56,2,2,394,85%,LBN
2021,LIBERIA,24,14,7,7,0,0,670,50%,LBR
2021,LIBYEN,57,79,62,16,0,1,674,78%,LBY
2021,LITAUEN,311,250,211,36,3,0,430,84%,LTU
2021,LUXEMBURG,6,2,2,0,0,0,35,100%,LUX
2021,MADAGASKAR,1,1,1,0,0,0,34,100%,MDG
2021,MALAWI,1,1,1,0,0,0,788,100%,MWI
2021,MALAYSIA,37,34,32,0,0,2,175,94%,MYS
2021,MALDIVERNA,2,0,0,0,0,0,0,.,MDV
2021,MALI,17,10,7,2,1,0,309,70%,MLI
2021,MALTA,11,10,7,3,0,0,238,70%,MLT
2021,MAROCKO,471,405,343,60,0,2,359,85%,MAR
2021,MAURETANIEN,7,2,1,1,0,0,696,50%,MRT
2021,MAURITIUS,4,3,3,0,0,0,550,100%,MUS
2021,MEXIKO,115,101,93,8,0,0,168,92%,MEX
2021,MOCAMBIQUE,8,4,4,0,0,0,130,100%,MOZ
2021,MOLDAVIEN,27,23,20,3,0,0,374,87%,MDA
2021,MONACO,1,1,0,0,0,1,74,0%,MCO
2021,MONGOLIET,264,218,181,32,3,2,429,83%,MNG
2021,MONTENEGRO,79,69,60,7,2,0,387,87%,MNE
2021,MYANMAR,24,55,49,6,0,0,1003,89%,MMR
2021,NAMIBIA,9,10,8,2,0,0,596,80%,NAM
2021,NEDERLÄNDERNA,354,303,261,37,4,1,260,86%,NLD
2021,NEPAL,56,49,44,3,2,0,352,90%,NPL
2021,NICARAGUA,40,39,32,6,1,0,235,82%,NIC
2021,NIGER,1,3,3,0,0,0,530,100%,NER
2021,NIGERIA,413,418,316,92,1,9,406,76%,NGA
2021,NORDMAKEDONIEN,314,238,210,25,1,2,214,88%,MKD
2021,NORGE,184,172,140,10,8,14,112,81%,NOR
2021,NYA ZEELAND,51,42,37,3,0,2,97,88%,NZL
2021,OKÄNT,951,1090,797,226,2,65,220,73%,XXX
2021,OMAN,2,1,1,0,0,0,79,100%,OMN
2021,Okänd,2148,1812,857,26,15,914,144,47%,XXX
2021,PAKISTAN,746,728,663,59,3,3,297,91%,PAK
2021,PALESTINA,369,459,383,67,1,8,438,83%,PSE
2021,PANAMA,7,6,5,1,0,0,241,83%,PAN
2021,PARAGUAY,9,3,3,0,0,0,34,100%,PRY
2021,PERU,160,142,126,14,1,1,256,89%,PER
2021,POLEN,2980,1914,1685,197,7,25,402,88%,POL
2021,PORTUGAL,217,158,145,9,2,2,256,92%,PRT
2021,RUMÄNIEN,1067,795,710,69,3,13,562,89%,ROU
2021,RWANDA,38,34,28,6,0,0,422,82%,RWA
2021,RYSSLAND,782,729,643,84,0,2,355,88%,RUS
2021,SAINT KITTS OCH NEVIS,2,0,0,0,0,0,0,.,KNA
2021,SAINT LUCIA,2,1,1,0,0,0,214,100%,LCA
2021,SAUDIARABIEN,4,11,11,0,0,0,341,100%,SAU
2021,SCHWEIZ,131,117,86,28,0,3,115,74%,CHE
2021,SENEGAL,40,54,41,11,0,2,314,76%,SEN
2021,SERBIEN,918,703,630,65,0,8,238,90%,SRB
2021,SERBIEN OCH MONTENEGRO,11,20,16,3,0,1,784,80%,SRB
2021,SEYCHELLERNA,1,0,0,0,0,0,0,.,SYC
2021,SIERRA LEONE,32,41,27,13,0,1,731,66%,SLE
2021,SINGAPORE,4,6,6,0,0,0,146,100%,SGP
2021,SLOVAKIEN,89,64,55,9,0,0,227,86%,SVK
2021,SLOVENIEN,94,83,76,7,0,0,250,92%,SVN
2021,SOMALIA,6040,5415,4484,627,20,284,294,83%,SOM
2021,SOVJETUNIONEN,1,0,0,0,0,0,0,.,SUN
2021,SPANIEN,534,439,393,42,0,4,397,90%,ESP
2021,SRI LANKA,103,83,76,7,0,0,219,92%,LKA
2021,STATSLÖS,2124,3180,2449,455,11,265,428,77%,XXX
2021,STORBRITANNIEN,1521,1309,1146,123,10,30,134,88%,GBR
2021,SUDAN,176,204,152,47,2,3,500,75%,SDN
2021,SYDAFRIKA,84,75,67,7,0,1,146,89%,ZAF
2021,SYDKOREA,42,45,35,7,2,1,132,78%,KOR
2021,SYDSUDAN,19,10,8,1,0,1,150,80%,SSD
2021,SYRIEN,13375,28950,26258,2408,59,225,395,91%,SYR
2021,TADZJIKISTAN,18,17,15,1,0,1,550,88%,TJK
2021,TAIWAN,39,47,43,3,0,1,239,91%,TWN
2021,TANZANIA,50,48,36,9,1,2,390,75%,TZA
2021,TCHAD,2,3,2,1,0,0,549,67%,TCD
2021,THAILAND,1690,1549,1472,67,4,6,164,95%,THA
2021,TJECKIEN,113,101,90,8,0,3,377,89%,CZE
2021,TJECKISKA OCH SLOVAKISKA FED,1,2,1,1,0,0,682,50%,SCG
2021,TOGO,10,8,7,1,0,0,671,88%,TGO
2021,TRINIDAD OCH TOBAGO,1,6,5,1,0,0,876,83%,TTO
2021,TUNISIEN,184,167,142,21,0,4,337,85%,TUN
2021,TURKIET,1174,1004,895,101,2,6,316,89%,TUR
2021,TURKMENISTAN,2,3,2,1,0,0,376,67%,TKM
2021,TYSKLAND,1630,1284,1189,78,7,10,297,93%,DEU
2021,UGANDA,203,212,164,39,0,9,512,77%,UGA
2021,UKRAINA,498,437,399,35,1,2,229,91%,UKR
2021,UNDER UTREDNING,42,58,49,5,0,4,354,84%,XXX
2021,UNGERN,428,363,316,39,3,5,452,87%,HUN
2021,URUGUAY,19,11,10,1,0,0,233,91%,URY
2021,USA,923,851,730,102,1,18,148,86%,USA
2021,UZBEKISTAN,204,119,87,25,3,4,575,73%,UZB
2021,VENEZUELA,45,38,33,5,0,0,341,87%,VEN
2021,VIETNAM,552,531,484,43,0,4,263,91%,VNM
2021,ZAMBIA,21,16,13,2,0,1,324,81%,ZMB
2021,ZIMBABWE,25,21,20,1,0,0,433,95%,ZWE
2021,ÖSTERRIKE,65,58,47,6,4,1,247,81%,AUT
2020,SVERIGE,1402,1597,743,13,19,822,183,47%,SWE
2020,AFGHANISTAN,7517,7542,3854,1594,33,2061,245,51%,AFG
2020,ALBANIEN,392,314,202,41,2,69,264,64%,ALB
2020,ALGERIET,149,155,97,17,0,41,266,63%,DZA
2020,ANGOLA,9,11,3,5,0,3,734,27%,AGO
2020,ANTIGUA OCH BARBUDA,1,1,1,0,0,0,18,100%,ATG
2020,ARGENTINA,64,53,49,2,0,2,198,92%,ARG
2020,ARMENIEN,262,261,175,27,0,59,398,67%,ARM
2020,AUSTRALIEN,200,202,161,22,0,19,147,80%,AUS
2020,AZERBAJDZJAN,183,205,150,21,1,33,513,73%,AZE
2020,BAHRAIN,3,3,1,0,0,2,334,33%,BHR
2020,BANGLADESH,416,422,346,24,1,51,364,82%,BGD
2020,BARBADOS,3,3,3,0,0,0,52,100%,BRB
2020,BELARUS,182,165,125,15,2,23,318,76%,BLR
2020,BELGIEN,91,79,66,6,1,6,588,84%,BEL
2020,BENIN,3,3,3,0,0,0,678,100%,BEN
2020,BHUTAN,1,2,2,0,0,0,976,100%,BTN
2020,BOLIVIA,103,114,95,12,0,7,581,83%,BOL
2020,BOSNIEN OCH HERCEGOVINA,621,566,482,37,1,46,203,85%,BIH
2020,BOTSWANA,3,2,2,0,0,0,486,100%,BWA
2020,BRASILIEN,349,330,285,20,0,25,179,86%,BRA
2020,BULGARIEN,536,499,410,34,0,55,685,82%,BGR
2020,BURKINA FASO,6,1,1,0,0,0,804,100%,BFA
2020,BURUNDI,75,70,47,17,0,6,808,67%,BDI
2020,CENTRALAFRIKANSKA REPUBLIKEN,4,7,3,2,0,2,428,43%,CAF
2020,CHILE,283,242,220,12,1,9,374,91%,CHL
2020,COLOMBIA,206,207,163,14,1,29,427,79%,COL
2020,COSTA RICA,11,10,8,0,0,2,316,80%,CRI
2020,CYPERN,38,31,25,3,0,3,497,81%,CYP
2020,DANMARK,222,239,175,10,31,23,204,73%,DNK
2020,DEM REPUBLIKEN KONGO,314,257,170,37,2,48,393,66%,COD
2020,DJIBOUTI,48,23,5,3,1,14,149,22%,DJI
2020,DOMINICA,2,2,2,0,0,0,579,100%,DMA
2020,DOMINIKANSKA REPUBLIKEN,42,35,23,5,0,7,218,66%,DOM
2020,ECUADOR,49,44,35,5,0,4,396,80%,ECU
2020,EGYPTEN,588,566,337,47,0,182,229,60%,EGY
2020,ELFENBENSKUSTEN,54,69,48,8,0,13,488,70%,CIV
2020,EL SALVADOR,61,58,50,4,0,4,562,86%,SLV
2020,ERITREA,4528,3835,2184,440,16,1195,335,57%,ERI
2020,ESTLAND,165,151,127,13,1,10,572,84%,EST
2020,ESWATINI,1,0,0,0,0,0,0,0,SWZ
2020,ETIOPIEN,987,853,564,105,3,181,406,66%,ETH
2020,FIJI,2,0,0,0,0,0,0,0,FJI
2020,FILIPPINERNA,587,571,493,40,1,37,181,86%,PHL
2020,FINLAND,244,249,207,7,29,6,109,83%,FIN
2020,FRANKRIKE,414,370,329,14,2,25,462,89%,FRA
2020,GABON,2,3,3,0,0,0,357,100%,GAB
2020,GAMBIA,224,235,159,41,0,35,526,68%,GMB
2020,GEORGIEN,65,52,39,3,0,10,607,75%,GEO
2020,GHANA,186,153,102,19,1,31,381,67%,GHA
2020,GREKLAND,699,783,649,41,1,92,621,83%,GRC
2020,GRENADA,1,0,0,0,0,0,0,0,GRD
2020,GUATEMALA,5,7,7,0,0,0,341,100%,GTM
2020,GUINEA,48,49,27,10,0,12,465,55%,GIN
2020,GUINEA BISSAU,3,3,2,0,0,1,417,67%,GNB
2020,GUYANA,2,4,3,0,0,1,551,75%,GUY
2020,HAITI,2,1,1,0,0,0,71,100%,HTI
2020,HONDURAS,13,8,6,1,0,1,155,75%,HND
2020,INDIEN,1195,1092,953,48,8,83,193,87%,IND
2020,INDONESIEN,43,47,43,3,0,1,157,91%,IDN
2020,IRAK,4682,5869,3442,590,24,1813,414,59%,IRQ
2020,IRAN,1894,2114,1421,188,10,495,444,67%,IRN
2020,IRLAND,129,113,102,5,1,5,451,90%,IRL
2020,ISLAND,31,33,27,2,3,1,104,82%,ISL
2020,ISRAEL,46,52,37,4,0,11,196,71%,ISR
2020,ITALIEN,660,571,490,20,2,59,473,86%,ITA
2020,JAMAICA,16,14,12,1,0,1,376,86%,JAM
2020,JAPAN,24,27,25,0,0,2,91,93%,JPN
2020,JEMEN,376,352,141,30,0,181,244,40%,YEM
2020,JORDANIEN,458,395,166,45,0,184,359,42%,JOR
2020,KAMBODJA,32,19,14,1,0,4,41,74%,KHM
2020,KAMERUN,106,115,66,15,0,34,456,57%,CMR
2020,KANADA,220,198,172,8,0,18,139,87%,CAN
2020,KAP VERDE,6,5,5,0,0,0,468,100%,CPV
2020,KAZAKSTAN,96,73,48,9,1,15,442,66%,KAZ
2020,KENYA,180,201,152,21,0,28,402,76%,KEN
2020,KINA,360,420,341,33,9,37,352,81%,CHN
2020,KIRGIZISTAN,57,34,18,5,0,11,444,53%,KGZ
2020,KONGO,30,33,18,4,0,11,546,55%,COG
2020,KOSOVO,831,768,617,54,2,95,275,80%,XXX
2020,KROATIEN,733,292,227,18,0,47,282,78%,HRV
2020,KUBA,92,92,71,11,0,10,434,77%,CUB
2020,KUWAIT,10,9,7,0,0,2,189,78%,KWT
2020,LAOS,10,9,8,1,0,0,422,89%,LAO
2020,LESOTHO,1,1,1,0,0,0,42,100%,LSO
2020,LETTLAND,307,331,291,17,1,22,688,88%,LVA
2020,LIBANON,546,569,299,63,3,204,295,53%,LBN
2020,LIBERIA,26,28,13,7,0,8,652,46%,LBR
2020,LIBYEN,132,141,59,18,0,64,392,42%,LBY
2020,LITAUEN,275,348,295,22,6,25,651,85%,LTU
2020,LUXEMBURG,2,2,1,0,0,1,14,50%,LUX
2020,MADAGASKAR,4,5,1,1,0,3,168,20%,MDG
2020,MALAWI,1,2,1,0,0,1,610,50%,MWI
2020,MALAYSIA,32,30,27,3,0,0,242,90%,MYS
2020,MALI,14,19,8,6,0,5,364,42%,MLI
2020,MALTA,9,9,7,1,0,1,476,78%,MLT
2020,MAROCKO,607,575,397,39,3,136,255,69%,MAR
2020,MAURETANIEN,6,3,3,0,0,0,1025,100%,MRT
2020,MAURITIUS,5,4,4,0,0,0,303,100%,MUS
2020,MEXIKO,134,156,132,10,1,13,288,85%,MEX
2020,MOCAMBIQUE,2,4,1,1,0,2,334,25%,MOZ
2020,MOLDAVIEN,38,40,30,0,0,10,333,75%,MDA
2020,MONGOLIET,191,143,103,18,0,22,405,72%,MNG
2020,MONTENEGRO,91,89,75,5,1,8,361,84%,MNE
2020,MYANMAR,50,132,113,12,0,7,905,86%,MMR
2020,NAMIBIA,12,5,5,0,0,0,286,100%,NAM
2020,NEDERLÄNDERNA,309,275,230,18,7,20,467,84%,NLD
2020,NEPAL,55,62,51,1,1,9,254,82%,NPL
2020,NICARAGUA,25,25,20,2,0,3,450,80%,NIC
2020,NIGER,1,0,0,0,0,0,0,0,NER
2020,NIGERIA,486,471,294,70,2,105,406,62%,NGA
2020,NORDKOREA,3,3,0,2,0,1,99,0,PRK
2020,NORDMAKEDONIEN,297,255,201,23,0,31,249,79%,MKD
2020,NORGE,280,256,190,8,47,11,97,74%,NOR
2020,NYA ZEELAND,52,56,41,10,0,5,201,73%,NZL
2020,OKÄNT,620,951,712,129,2,108,299,75%,XXX
2020,OMAN,1,1,0,1,0,0,38,0,OMN
2020,PAKISTAN,884,843,631,68,2,142,288,75%,PAK
2020,PALESTINA,627,733,336,66,2,329,261,46%,PSE
2020,PANAMA,6,10,7,2,0,1,561,70%,PAN
2020,PARAGUAY,7,8,4,2,0,2,276,50%,PRY
2020,PERU,115,124,109,12,1,2,457,88%,PER
2020,POLEN,2399,2454,2143,160,10,141,673,87%,POL
2020,PORTUGAL,182,136,117,7,0,12,486,86%,PRT
2020,RUMÄNIEN,1133,1299,1102,70,6,121,703,85%,ROU
2020,RWANDA,45,20,10,3,0,7,486,50%,RWA
2020,RYSSLAND,888,909,692,70,2,145,286,76%,RUS
2020,SAINT LUCIA,0,1,1,0,0,0,121,100%,LCA
2020,SAUDIARABIEN,24,22,8,3,0,11,284,36%,SAU
2020,SCHWEIZ,119,124,85,26,0,13,147,69%,CHE
2020,SENEGAL,52,44,33,4,0,7,420,75%,SEN
2020,SERBIEN,910,797,675,50,2,70,215,85%,SRB
2020,SERBIEN OCH MONTENEGRO,13,15,9,4,0,2,513,60%,SRB
2020,SEYCHELLERNA,1,2,2,0,0,0,542,100%,SYC
2020,SIERRA LEONE,37,31,17,9,0,5,470,55%,SLE
2020,SINGAPORE,3,5,4,0,1,0,73,80%,SGP
2020,SLOVAKIEN,63,76,61,10,0,5,562,80%,SVK
2020,SLOVENIEN,101,80,66,5,0,9,435,83%,SVN
2020,SOMALIA,5216,4246,2566,541,8,1131,252,60%,SOM
2020,SOVJETUNIONEN,0,2,1,0,0,1,547,50%,SUN
2020,SPANIEN,594,524,455,25,5,39,533,87%,ESP
2020,SRI LANKA,88,122,102,7,1,12,400,84%,LKA
2020,STATSLÖS,5354,6936,3241,442,11,3242,201,47%,XXX
2020,STORBRITANNIEN,2197,2394,2070,195,14,115,141,86%,GBR
2020,ST VINCENT OCH GRENADINERNA,0,1,1,0,0,0,64,100%,VCT
2020,SUDAN,299,343,149,45,1,148,326,43%,SDN
2020,SURINAM,1,0,0,0,0,0,0,0,SUR
2020,SYDAFRIKA,91,99,71,12,0,16,162,72%,ZAF
2020,SYDKOREA,40,56,46,2,3,5,286,82%,KOR
2020,SYDSUDAN,13,2,1,1,0,0,509,50%,SSD
2020,SYRIEN,50403,45926,21548,1712,52,22614,182,47%,SYR
2020,TADZJIKISTAN,15,18,13,1,0,4,527,72%,TJK
2020,TAIWAN,36,32,29,1,0,2,199,91%,TWN
2020,TANZANIA,60,48,33,8,1,6,427,69%,TZA
2020,TCHAD,4,4,1,0,0,3,259,25%,TCD
2020,THAILAND,1777,1886,1705,86,1,94,189,90%,THA
2020,TJECKIEN,125,108,87,5,0,16,482,81%,CZE
2020,TJECKISKA OCH SLOVAKISKA FED,0,1,0,0,1,0,1013,0,SCG
2020,TOGO,8,5,2,1,1,1,431,40%,TGO
2020,TONGA,1,1,1,0,0,0,63,100%,TON
2020,TRINIDAD OCH TOBAGO,6,3,2,0,0,1,337,67%,TTO
2020,TUNISIEN,270,252,172,20,0,60,235,68%,TUN
2020,TURKIET,1338,1490,1214,115,3,158,269,81%,TUR
2020,TURKMENISTAN,8,8,3,1,0,4,441,38%,TKM
2020,TYSKLAND,1334,1426,1248,61,12,105,494,88%,DEU
2020,UGANDA,226,190,96,38,0,56,473,51%,UGA
2020,UKRAINA,588,570,456,39,2,73,210,80%,UKR
2020,UNDER UTREDNING,46,99,80,12,0,7,524,81%,XXX
2020,UNGERN,512,526,445,26,0,55,620,85%,HUN
2020,URUGUAY,11,11,11,0,0,0,236,100%,URY
2020,USA,935,919,760,77,0,82,152,83%,USA
2020,UZBEKISTAN,162,133,81,18,0,34,575,61%,UZB
2020,VENEZUELA,41,55,38,7,0,10,310,69%,VEN
2020,VIETNAM,615,587,521,35,1,30,291,89%,VNM
2020,ZAMBIA,14,24,16,1,0,7,335,67%,ZMB
2020,ZIMBABWE,24,26,15,5,0,6,375,58%,ZWE
2020,ÖSTERRIKE,63,49,43,1,0,5,234,88%,AUT
2020,"ÖSTTIMOR, DEMOKRATISKA REP",2,0,0,0,0,0,0,0,TLS
2019,AFGHANISTAN,7194,6497,3829,1510,122,1036,245,59%,AFG
2019,ALBANIEN,269,172,115,27,2,28,270,67%,ALB
2019,ALGERIET,130,99,64,9,1,25,282,65%,DZA
2019,ANGOLA,12,8,5,2,0,1,595,63%,AGO
2019,ARGENTINA,43,37,30,2,0,5,290,81%,ARG
2019,ARMENIEN,235,234,165,28,1,40,290,71%,ARM
2019,AUSTRALIEN,210,171,135,12,2,22,152,79%,AUS
2019,AZERBAJDZJAN,247,153,113,16,0,24,373,74%,AZE
2019,BAHAMAS,1,1,1,0,0,0,100,100%,BHS
2019,BAHRAIN,2,0,0,0,0,0,0,0,BHR
2019,BANGLADESH,383,321,281,21,1,18,243,88%,BGD
2019,BARBADOS,3,2,2,0,0,0,114,100%,BRB
2019,BELARUS,190,146,120,12,1,13,281,82%,BLR
2019,BELGIEN,78,43,34,1,0,8,253,79%,BEL
2019,BELIZE,2,1,0,0,0,1,42,0,BLZ
2019,BENIN,3,3,2,0,0,1,190,67%,BEN
2019,BOLIVIA,113,70,59,5,0,6,334,84%,BOL
2019,BOSNIEN OCH HERCEGOVINA,614,476,418,29,1,28,190,88%,BIH
2019,BOTSWANA,1,0,0,0,0,0,0,0,BWA
2019,BRASILIEN,273,217,184,10,1,22,221,85%,BRA
2019,BULGARIEN,467,266,220,14,0,32,353,83%,BGR
2019,BURKINA FASO,8,1,0,0,0,1,0,0,BFA
2019,BURUNDI,71,56,38,8,0,10,462,68%,BDI
2019,CENTRALAFRIKANSKA REPUBLIKEN,4,2,2,0,0,0,567,100%,CAF
2019,CHILE,306,253,224,14,1,14,211,89%,CHL
2019,COLOMBIA,211,129,102,13,0,14,297,79%,COL
2019,COMORERNA,1,0,0,0,0,0,0,0,COM
2019,COSTA RICA,3,4,4,0,0,0,479,100%,CRI
2019,CYPERN,18,9,8,0,0,1,316,89%,CYP
2019,DANMARK,143,127,102,5,5,15,295,80%,DNK
2019,DEM REPUBLIKEN KONGO,222,172,137,21,0,14,390,80%,COD
2019,DJIBOUTI,38,23,17,2,0,4,273,74%,DJI
2019,DOMINICA,2,0,0,0,0,0,0,0,DMA
2019,DOMINIKANSKA REPUBLIKEN,30,16,11,3,0,2,337,69%,DOM
2019,ECUADOR,48,27,23,1,0,3,221,85%,ECU
2019,EGYPTEN,430,427,305,39,0,83,250,71%,EGY
2019,EKVATORIALGUINEA,2,1,0,1,0,0,1060,0,GNQ
2019,ELFENBENSKUSTEN,45,28,18,8,0,2,423,64%,CIV
2019,EL SALVADOR,60,34,30,2,0,2,280,88%,SLV
2019,ERITREA,5202,2654,1797,275,13,569,312,68%,ERI
2019,ESTLAND,140,88,69,4,0,15,277,78%,EST
2019,ESWATINI,1,0,0,0,0,0,0,0,SWZ
2019,ETIOPIEN,882,494,332,62,5,95,303,67%,ETH
2019,FIJI,1,0,0,0,0,0,0,0,FJI
2019,FILIPPINERNA,489,362,321,18,2,21,173,89%,PHL
2019,FINLAND,166,139,118,1,9,11,116,85%,FIN
2019,FRANKRIKE,273,209,172,8,1,28,295,82%,FRA
2019,GABON,7,0,0,0,0,0,0,0,GAB
2019,GAMBIA,187,78,41,16,0,21,444,53%,GMB
2019,GEORGIEN,65,58,45,2,0,11,400,78%,GEO
2019,GHANA,178,73,33,21,1,18,382,45%,GHA
2019,GREKLAND,585,298,237,14,0,47,334,80%,GRC
2019,GUATEMALA,2,4,4,0,0,0,454,100%,GTM
2019,GUINEA,46,25,17,4,0,4,375,68%,GIN
2019,GUINEA BISSAU,2,1,1,0,0,0,939,100%,GNB
2019,GUYANA,1,0,0,0,0,0,0,0,GUY
2019,HAITI,1,0,0,0,0,0,0,0,HTI
2019,HONDURAS,9,2,2,0,0,0,630,100%,HND
2019,INDIEN,1028,737,657,24,5,51,184,89%,IND
2019,INDONESIEN,50,23,22,0,0,1,150,96%,IDN
2019,IRAK,4531,4274,2799,482,18,975,336,65%,IRQ
2019,IRAN,2187,1875,1268,184,5,418,341,68%,IRN
2019,IRLAND,92,58,49,2,0,7,196,84%,IRL
2019,ISLAND,15,11,10,0,0,1,119,91%,ISL
2019,ISRAEL,58,44,31,5,1,7,209,70%,ISR
2019,ITALIEN,463,259,207,7,3,42,279,80%,ITA
2019,JAMAICA,8,9,8,0,0,1,535,89%,JAM
2019,JAPAN,26,20,17,1,0,2,165,85%,JPN
2019,JEMEN,335,337,205,36,4,92,269,61%,YEM
2019,JORDANIEN,344,268,150,30,0,88,311,56%,JOR
2019,KAMBODJA,22,9,7,0,1,1,243,78%,KHM
2019,KAMERUN,109,57,38,8,0,11,451,67%,CMR
2019,KANADA,165,148,124,9,2,13,208,84%,CAN
2019,KAP VERDE,6,5,5,0,0,0,315,100%,CPV
2019,KAZAKSTAN,155,91,70,10,1,10,312,77%,KAZ
2019,KENYA,203,96,70,8,0,18,411,73%,KEN
2019,KINA,555,457,386,13,16,42,225,84%,CHN
2019,KIRGIZISTAN,80,55,42,5,1,7,351,76%,KGZ
2019,KONGO,26,18,11,2,0,5,554,61%,COG
2019,KOSOVO,784,560,489,26,2,43,230,87%,XXX
2019,KROATIEN,452,168,136,3,1,28,161,81%,HRV
2019,KUBA,95,63,53,8,0,2,407,84%,CUB
2019,KUWAIT,15,9,8,1,0,0,220,89%,KWT
2019,LAOS,13,5,3,1,0,1,316,60%,LAO
2019,LETTLAND,290,177,154,6,1,16,418,87%,LVA
2019,LIBANON,532,435,293,30,2,110,281,67%,LBN
2019,LIBERIA,17,14,9,4,0,1,480,64%,LBR
2019,LIBYEN,176,159,74,22,0,63,328,47%,LBY
2019,LITAUEN,253,168,137,9,2,20,367,82%,LTU
2019,LUXEMBURG,1,1,1,0,0,0,840,100%,LUX
2019,MADAGASKAR,4,2,1,0,0,1,101,50%,MDG
2019,MALAWI,1,0,0,0,0,0,0,0,MWI
2019,MALAYSIA,39,32,24,1,1,6,132,75%,MYS
2019,MALDIVERNA,1,0,0,0,0,0,0,0,MDV
2019,MALI,12,4,3,0,0,1,309,75%,MLI
2019,MALTA,5,1,1,0,0,0,131,100%,MLT
2019,MAROCKO,528,445,322,44,0,79,240,72%,MAR
2019,MAURETANIEN,2,0,0,0,0,0,0,0,MRT
2019,MAURITIUS,6,3,3,0,0,0,341,100%,MUS
2019,MEXIKO,112,75,66,5,0,4,214,88%,MEX
2019,MOCAMBIQUE,6,1,0,1,0,0,162,0,MOZ
2019,MOLDAVIEN,31,29,25,1,0,3,373,86%,MDA
2019,MONGOLIET,236,97,70,15,0,12,334,72%,MNG
2019,MONTENEGRO,92,63,59,1,0,3,202,94%,MNE
2019,MYANMAR,55,77,58,10,1,8,672,75%,MMR
2019,NAMIBIA,10,2,1,1,0,0,1061,50%,NAM
2019,NEDERLÄNDERNA,206,151,123,3,3,22,259,81%,NLD
2019,NEPAL,59,44,37,2,0,5,264,84%,NPL
2019,NICARAGUA,21,15,12,2,0,1,276,80%,NIC
2019,NIGER,1,4,2,0,0,2,386,50%,NER
2019,NIGERIA,486,220,140,40,1,39,398,64%,NGA
2019,NORDMAKEDONIEN,270,198,169,16,0,13,228,85%,MKD
2019,NORGE,67,49,37,0,3,9,98,76%,NOR
2019,NYA ZEELAND,38,36,28,7,0,1,202,78%,NZL
2019,OKÄNT,630,766,581,106,0,79,268,76%,XXX
2019,OMAN,1,0,0,0,0,0,0,0,OMN
2019,PAKISTAN,898,738,590,65,4,79,231,80%,PAK
2019,PANAMA,6,5,4,1,0,0,130,80%,PAN
2019,PARAGUAY,5,2,2,0,0,0,87,100%,PRY
2019,PERU,120,87,74,2,1,10,224,85%,PER
2019,POLEN,1944,1130,965,47,5,113,373,85%,POL
2019,PORTUGAL,108,74,60,4,0,10,286,81%,PRT
2019,QATAR,0,1,1,0,0,0,453,100%,QAT
2019,RUMÄNIEN,971,521,436,18,1,66,361,84%,ROU
2019,RWANDA,44,27,19,5,0,3,484,70%,RWA
2019,RYSSLAND,948,763,623,63,3,74,252,82%,RUS
2019,SAINT LUCIA,2,0,0,0,0,0,0,0,LCA
2019,SAN MARINO,2,2,0,1,0,1,24,0,SMR
2019,SAUDIARABIEN,19,13,5,4,0,4,269,38%,SAU
2019,SCHWEIZ,101,93,81,5,0,7,132,87%,CHE
2019,SENEGAL,48,24,16,2,0,6,237,67%,SEN
2019,SERBIEN,936,670,589,39,4,38,194,88%,SRB
2019,SERBIEN OCH MONTENEGRO,23,23,18,0,0,5,375,78%,SRB
2019,SIERRA LEONE,45,26,15,3,0,8,428,58%,SLE
2019,SINGAPORE,10,9,8,0,0,1,227,89%,SGP
2019,SLOVAKIEN,53,26,21,1,0,4,278,81%,SVK
2019,SLOVENIEN,51,25,22,0,1,2,295,88%,SVN
2019,SOMALIA,4803,4208,3230,459,17,502,223,77%,SOM
2019,SOVJETUNIONEN,1,1,0,1,0,0,50,0,SUN
2019,SPANIEN,462,298,249,10,5,34,277,84%,ESP
2019,SRI LANKA,108,87,68,11,0,8,285,78%,LKA
2019,STATEN PALESTINA,617,650,381,85,0,184,239,59%,PSE
2019,STATSLÖS,7304,5596,2998,619,20,1959,169,54%,XXX
2019,STORBRITANNIEN,3381,4693,4291,184,10,208,253,91%,GBR
2019,ST VINCENT OCH GRENADINERNA,2,1,1,0,0,0,70,100%,VCT
2019,SUDAN,287,240,121,29,1,89,292,50%,SDN
2019,SURINAM,1,0,0,0,0,0,0,0,SUR
2019,SYDAFRIKA,78,50,44,3,0,3,158,88%,ZAF
2019,SYDKOREA,41,26,20,1,1,4,171,77%,KOR
2019,SYDSUDAN,3,4,1,0,0,3,149,25%,SSD
2019,SYRIEN,40616,39177,26339,1706,52,11080,201,67%,SYR
2019,TADZJIKISTAN,24,18,12,1,0,5,300,67%,TJK
2019,TAIWAN,53,27,26,0,0,1,203,96%,TWN
2019,TANZANIA,63,42,31,2,1,8,381,74%,TZA
2019,TCHAD,8,3,3,0,0,0,459,100%,TCD
2019,THAILAND,1732,1397,1273,53,3,68,179,91%,THA
2019,TJECKIEN,74,68,57,3,0,8,385,84%,CZE
2019,TOGO,13,6,4,0,1,1,479,67%,TGO
2019,TRINIDAD OCH TOBAGO,5,2,2,0,0,0,187,100%,TTO
2019,TUNISIEN,226,173,135,14,0,24,284,78%,TUN
2019,TURKIET,1302,956,789,68,4,95,310,83%,TUR
2019,TURKMENISTAN,3,0,0,0,0,0,0,0,TKM
2019,TYSKLAND,966,725,592,28,6,99,298,82%,DEU
2019,UGANDA,294,227,113,47,3,64,300,50%,UGA
2019,UKRAINA,548,410,367,13,0,30,215,90%,UKR
2019,UNDER UTREDNING,34,38,24,6,0,8,354,63%,XXX
2019,UNGERN,423,249,200,8,0,41,372,80%,HUN
2019,URUGUAY,12,8,6,1,0,1,334,75%,URY
2019,USA,779,671,534,59,2,76,168,80%,USA
2019,UZBEKISTAN,162,92,53,18,2,19,456,58%,UZB
2019,VENEZUELA,55,43,34,2,0,7,229,79%,VEN
2019,VIETNAM,521,393,349,18,1,25,229,89%,VNM
2019,ZAMBIA,21,7,5,1,1,0,566,71%,ZMB
2019,ZIMBABWE,24,14,8,2,0,4,243,57%,ZWE
2019,ÖSTERRIKE,44,47,34,1,4,8,198,72%,AUT
2018,AFGHANISTAN,5623,3454,1904,1106,36,408,248,55%,AFG
2018,ALBANIEN,201,124,109,14,0,1,236,88%,ALB
2018,ALGERIET,117,96,77,14,0,5,278,80%,DZA
2018,ANGOLA,14,10,6,3,0,1,264,60%,AGO
2018,ARGENTINA,52,57,49,5,0,3,170,86%,ARG
2018,ARMENIEN,238,180,148,29,1,2,344,82%,ARM
2018,AUSTRALIEN,218,203,160,21,0,22,133,79%,AUS
2018,AZERBAJDZJAN,240,135,111,17,2,5,368,82%,AZE
2018,BAHRAIN,1,4,3,1,0,0,394,75%,BHR
2018,BANGLADESH,464,381,353,19,1,8,247,93%,BGD
2018,BARBADOS,2,0,0,0,0,0,0,0,BRB
2018,BELGIEN,46,48,41,3,0,4,351,85%,BEL
2018,BENIN,6,3,3,0,0,0,103,100%,BEN
2018,BHUTAN,1,2,2,0,0,0,730,100%,BTN
2018,BOLIVIA,145,92,79,8,0,5,327,86%,BOL
2018,BOSNIEN OCH HERCEGOVINA,584,471,429,30,1,11,146,91%,BIH
2018,BOTSWANA,1,0,0,0,0,0,0,0,BWA
2018,BRASILIEN,244,233,206,21,0,6,196,88%,BRA
2018,BULGARIEN,392,229,211,9,2,7,453,92%,BGR
2018,BURKINA FASO,6,6,3,2,0,1,359,50%,BFA
2018,BURMA,118,118,111,5,0,2,561,94%,MMR
2018,BURUNDI,103,86,71,11,0,4,346,83%,BDI
2018,CENTRALAFRIKANSKA REPUBLIKEN,3,2,1,0,0,1,411,50%,CAF
2018,CHILE,364,314,277,23,1,13,157,88%,CHL
2018,COLOMBIA,233,162,142,10,0,10,239,88%,COL
2018,COSTA RICA,15,17,14,1,0,2,230,82%,CRI
2018,CYPERN,20,9,9,0,0,0,266,100%,CYP
2018,DANMARK,156,129,110,7,6,6,170,85%,DNK
2018,DEM REPUBLIKEN KONGO,301,180,125,37,1,17,312,69%,COD
2018,DJIBOUTI,36,16,15,1,0,0,212,94%,DJI
2018,DOMINIKANSKA REPUBLIKEN,23,21,19,2,0,0,303,90%,DOM
2018,ECUADOR,59,53,29,13,0,11,277,55%,ECU
2018,EGYPTEN,464,383,323,31,1,28,285,84%,EGY
2018,EKVATORIALGUINEA,1,1,1,0,0,0,117,100%,GNQ
2018,ELFENBENSKUSTEN,46,36,28,6,0,2,266,78%,CIV
2018,EL SALVADOR,59,45,37,5,0,3,296,82%,SLV
2018,ERITREA,3184,1889,1464,258,6,161,307,78%,ERI
2018,ESTLAND,172,117,104,5,1,7,264,89%,EST
2018,ETIOPIEN,799,595,459,83,3,50,269,77%,ETH
2018,FIJI,2,2,1,1,0,0,82,50%,FJI
2018,FILIPPINERNA,443,408,379,16,1,12,161,93%,PHL
2018,FINLAND,172,157,140,4,8,5,102,89%,FIN
2018,FRANKRIKE,277,190,176,6,0,8,239,93%,FRA
2018,GABON,2,1,0,0,0,1,47,0,GAB
2018,GAMBIA,211,191,150,27,0,14,286,79%,GMB
2018,GEORGIEN,48,44,37,6,0,1,323,84%,GEO
2018,GHANA,188,142,104,22,0,16,278,73%,GHA
2018,GREKLAND,550,349,323,17,0,9,381,93%,GRC
2018,GRENADA,1,0,0,0,0,0,0,0,GRD
2018,GUATEMALA,12,10,9,1,0,0,240,90%,GTM
2018,GUINEA,43,41,26,10,0,5,369,63%,GIN
2018,GUINEA BISSAU,1,2,2,0,0,0,382,100%,GNB
2018,GUYANA,1,1,0,1,0,0,749,0,GUY
2018,HAITI,3,5,5,0,0,0,235,100%,HTI
2018,HONDURAS,13,12,11,1,0,0,214,92%,HND
2018,INDIEN,825,654,617,23,1,13,198,94%,IND
2018,INDONESIEN,36,29,24,3,2,0,258,83%,IDN
2018,IRAK,4001,2930,2293,401,15,221,409,78%,IRQ
2018,IRAN,2075,1747,1510,158,7,72,364,86%,IRN
2018,IRLAND,89,74,68,4,0,2,278,92%,IRL
2018,ISLAND,28,24,23,0,0,1,95,96%,ISL
2018,ISRAEL,51,43,30,9,0,4,172,70%,ISR
2018,ITALIEN,395,316,285,12,5,14,288,90%,ITA
2018,JAMAICA,14,14,11,2,0,1,299,79%,JAM
2018,JAPAN,24,26,21,4,1,0,154,81%,JPN
2018,JEMEN,275,264,205,33,2,24,314,78%,YEM
2018,JORDANIEN,319,252,190,36,2,24,313,75%,JOR
2018,KAMBODJA,23,21,18,2,0,1,381,86%,KHM
2018,KAMERUN,111,103,88,12,0,3,354,85%,CMR
2018,KANADA,159,129,117,8,0,4,97,91%,CAN
2018,KAP VERDE,10,5,5,0,0,0,64,100%,CPV
2018,KAZAKSTAN,121,89,74,14,1,0,321,83%,KAZ
2018,KENYA,166,145,127,12,0,6,273,88%,KEN
2018,KINA,497,456,403,23,16,14,235,88%,CHN
2018,KIRGIZISTAN,92,68,60,4,0,4,390,88%,KGZ
2018,KONGO,35,28,20,4,0,4,247,71%,COG
2018,KOSOVO,758,656,591,43,2,20,182,90%,XXX
2018,KROATIEN,227,123,113,4,1,5,257,92%,HRV
2018,KUBA,75,66,56,7,0,3,279,85%,CUB
2018,KUWAIT,3,1,1,0,0,0,659,100%,KWT
2018,LAOS,6,8,5,1,0,2,410,63%,LAO
2018,LETTLAND,240,175,161,8,0,6,384,92%,LVA
2018,LIBANON,444,338,267,40,0,31,343,79%,LBN
2018,LIBERIA,32,9,5,2,0,2,210,56%,LBR
2018,LIBYEN,126,96,72,13,1,10,420,75%,LBY
2018,LITAUEN,286,195,171,13,1,10,340,88%,LTU
2018,LUXEMBURG,1,3,3,0,0,0,451,100%,LUX
2018,MADAGASKAR,2,3,3,0,0,0,253,100%,MDG
2018,MAKEDONIEN,226,224,200,17,0,7,222,89%,MKD
2018,MALAWI,2,1,1,0,0,0,666,100%,MWI
2018,MALAYSIA,24,25,21,0,0,4,167,84%,MYS
2018,MALDIVERNA,1,1,1,0,0,0,59,100%,MDV
2018,MALI,4,3,3,0,0,0,802,100%,MLI
2018,MALTA,4,3,3,0,0,0,457,100%,MLT
2018,MAROCKO,437,351,307,34,0,10,233,87%,MAR
2018,MAURETANIEN,3,4,1,2,0,1,442,25%,MRT
2018,MAURITIUS,3,3,3,0,0,0,142,100%,MUS
2018,MEXIKO,89,72,66,3,0,3,173,92%,MEX
2018,MOCAMBIQUE,3,3,3,0,0,0,69,100%,MOZ
2018,MOLDAVIEN,30,23,21,1,0,1,282,91%,MDA
2018,MONGOLIET,288,133,108,11,4,10,263,81%,MNG
2018,MONTENEGRO,107,71,65,5,0,1,153,92%,MNE
2018,NAMIBIA,3,3,2,1,0,0,243,67%,NAM
2018,NEDERLÄNDERNA,248,198,173,6,11,8,207,87%,NLD
2018,NEPAL,70,52,45,3,1,3,196,87%,NPL
2018,NICARAGUA,30,32,28,3,0,1,336,88%,NIC
2018,NIGER,4,2,2,0,0,0,435,100%,NER
2018,NIGERIA,431,290,234,42,2,12,311,81%,NGA
2018,NORGE,81,91,81,6,3,1,96,89%,NOR
2018,NYA ZEELAND,38,34,31,1,0,2,148,91%,NZL
2018,OKÄNT,674,717,559,95,2,61,247,78%,XXX
2018,OMAN,0,1,1,0,0,0,172,100%,OMN
2018,PAKISTAN,953,946,875,49,5,17,264,92%,PAK
2018,PANAMA,13,8,8,0,0,0,55,100%,PAN
2018,PAPUA NYA GUINEA,1,0,0,0,0,0,0,0,PNG
2018,PARAGUAY,2,3,3,0,0,0,472,100%,PRY
2018,PERU,152,139,125,9,0,5,184,90%,PER
2018,POLEN,1890,1533,1417,77,3,36,371,92%,POL
2018,PORTUGAL,102,70,67,2,0,1,351,96%,PRT
2018,QATAR,1,0,0,0,0,0,0,0,QAT
2018,RUMÄNIEN,912,637,584,32,3,18,430,92%,ROU
2018,RWANDA,29,26,16,6,0,4,364,62%,RWA
2018,RYSSLAND,894,678,585,63,1,29,226,86%,RUS
2018,SALOMONÖARNA,1,1,1,0,0,0,21,100%,SLB
2018,SAUDIARABIEN,15,8,7,1,0,0,460,88%,SAU
2018,SCHWEIZ,92,84,65,13,0,6,222,77%,CHE
2018,SENEGAL,45,35,26,6,0,3,410,74%,SEN
2018,SERBIEN,972,812,714,77,1,20,180,88%,SRB
2018,SERBIEN OCH MONTENEGRO,27,16,10,4,0,2,291,63%,SRB
2018,SEYCHELLERNA,0,3,3,0,0,0,287,100%,SYC
2018,SIERRA LEONE,44,37,29,6,0,2,458,78%,SLE
2018,SINGAPORE,7,4,3,0,1,0,177,75%,SGP
2018,SLOVAKIEN,33,29,22,5,0,2,379,76%,SVK
2018,SLOVENIEN,38,24,24,0,0,0,273,100%,SVN
2018,SOMALIA,7167,6835,5797,637,13,388,159,85%,SOM
2018,SOVJETUNIONEN,1,1,1,0,0,0,16,100%,SUN
2018,SPANIEN,434,251,220,20,1,10,278,88%,ESP
2018,SRI LANKA,133,112,102,7,0,3,212,91%,LKA
2018,STATEN PALESTINA,587,437,294,84,1,58,219,67%,PSE
2018,STATSLÖS,7931,7265,6066,724,15,460,108,83%,XXX
2018,STORBRITANNIEN,1991,1430,1305,71,2,52,271,91%,GBR
2018,SUDAN,265,230,191,28,0,11,367,83%,SDN
2018,SURINAM,1,1,0,0,1,0,155,0,SUR
2018,SWAZILAND,2,1,0,1,0,0,82,0,XXX
2018,SYDAFRIKA,55,54,52,2,0,0,171,96%,ZAF
2018,SYDKOREA,23,27,24,1,0,2,203,89%,KOR
2018,SYDSUDAN,4,0,0,0,0,0,0,0,SSD
2018,SYRIEN,28673,12447,10581,1145,46,675,173,85%,SYR
2018,TADZJIKISTAN,21,21,21,0,0,0,194,100%,TJK
2018,TAIWAN,28,32,28,4,0,0,247,88%,TWN
2018,TANZANIA,84,53,41,7,0,5,218,77%,TZA
2018,TCHAD,3,0,0,0,0,0,0,0,TCD
2018,THAILAND,1792,1506,1385,74,2,45,131,92%,THA
2018,TJECKIEN,84,52,45,4,0,3,258,87%,CZE
2018,TJECKISKA OCH SLOVAKISKA FED,3,1,1,0,0,0,28,100%,SCG
2018,TOGO,10,6,5,1,0,0,440,83%,TGO
2018,TRINIDAD OCH TOBAGO,7,1,1,0,0,0,79,100%,TTO
2018,TUNISIEN,189,167,128,27,0,12,263,77%,TUN
2018,TURKIET,1179,792,673,83,2,34,224,85%,TUR
2018,TURKMENISTAN,4,7,7,0,0,0,147,100%,TKM
2018,TYSKLAND,1081,855,786,37,7,25,282,92%,DEU
2018,UGANDA,273,181,133,32,0,16,345,73%,UGA
2018,UKRAINA,466,394,351,31,1,11,208,89%,UKR
2018,UNDER UTREDNING,34,48,32,10,1,5,222,67%,XXX
2018,UNGERN,406,303,269,19,1,14,382,89%,HUN
2018,URUGUAY,13,13,11,0,0,2,200,85%,URY
2018,USA,741,701,608,52,4,37,126,87%,USA
2018,UZBEKISTAN,128,104,92,9,2,1,426,88%,UZB
2018,VENEZUELA,58,47,42,3,0,2,231,89%,VEN
2018,VIETNAM,481,354,318,22,2,12,233,90%,VNM
2018,VITRYSSLAND,159,137,122,8,1,6,280,89%,BLR
2018,ZAMBIA,17,14,12,2,0,0,372,86%,ZMB
2018,ZIMBABWE,16,11,7,3,0,1,477,64%,ZWE
2018,ÖSTERRIKE,56,45,40,2,3,0,159,89%,AUT